dataset,algorithm,level,alpha,beta,lambda,p@100
20News, SSB_VAE,0.1,0.001,1.0,0.000244,0.25554550000000004
20News, SSB_VAE,0.1,0.001,1.0,0.003906,0.253709
20News, SSB_VAE,0.1,0.001,1.0,0.015625,0.263536
20News, SSB_VAE,0.1,0.001,10000.0,0.000244,0.30867500000000003
20News, SSB_VAE,0.1,0.001,10000.0,0.003906,0.25778599999999996
20News, SSB_VAE,0.1,0.001,10000.0,0.015625,0.293409
20News, SSB_VAE,0.1,0.001,10000000.0,0.000244,0.26151450000000004
20News, SSB_VAE,0.1,0.001,10000000.0,0.003906,0.274272
20News, SSB_VAE,0.1,0.001,10000000.0,0.015625,0.256494
20News, SSB_VAE,0.1,10.0,1.0,0.000244,0.204741
20News, SSB_VAE,0.1,10.0,1.0,0.003906,0.211937
20News, SSB_VAE,0.1,10.0,1.0,0.015625,0.180995
20News, SSB_VAE,0.1,10.0,10000.0,0.000244,0.243198
20News, SSB_VAE,0.1,10.0,10000.0,0.003906,0.2526885
20News, SSB_VAE,0.1,10.0,10000.0,0.015625,0.2604115
20News, SSB_VAE,0.1,10.0,10000000.0,0.000244,0.46476399999999995
20News, SSB_VAE,0.1,10.0,10000000.0,0.003906,0.44788150000000004
20News, SSB_VAE,0.1,10.0,10000000.0,0.015625,0.4617845
20News, SSB_VAE,0.1,10000.0,1.0,0.000244,0.1734185
20News, SSB_VAE,0.1,10000.0,1.0,0.003906,0.20905800000000002
20News, SSB_VAE,0.1,10000.0,1.0,0.015625,0.193175
20News, SSB_VAE,0.1,10000.0,10000.0,0.000244,0.177804
20News, SSB_VAE,0.1,10000.0,10000.0,0.003906,0.1927305
20News, SSB_VAE,0.1,10000.0,10000.0,0.015625,0.1817955
20News, SSB_VAE,0.1,10000.0,10000000.0,0.000244,0.25791600000000003
20News, SSB_VAE,0.1,10000.0,10000000.0,0.003906,0.24907449999999998
20News, SSB_VAE,0.1,10000.0,10000000.0,0.015625,0.2604525
20News, SSB_VAE,0.2,0.001,1.0,0.000244,0.38287499999999997
20News, SSB_VAE,0.2,0.001,1.0,0.003906,0.402331
20News, SSB_VAE,0.2,0.001,1.0,0.015625,0.40638199999999997
20News, SSB_VAE,0.2,0.001,10000.0,0.000244,0.3492735
20News, SSB_VAE,0.2,0.001,10000.0,0.003906,0.35586999999999996
20News, SSB_VAE,0.2,0.001,10000.0,0.015625,0.27270700000000003
20News, SSB_VAE,0.2,0.001,10000000.0,0.000244,0.30512399999999995
20News, SSB_VAE,0.2,0.001,10000000.0,0.003906,0.3591355
20News, SSB_VAE,0.2,0.001,10000000.0,0.015625,0.4016085
20News, SSB_VAE,0.2,10.0,1.0,0.000244,0.209875
20News, SSB_VAE,0.2,10.0,1.0,0.003906,0.224275
20News, SSB_VAE,0.2,10.0,1.0,0.015625,0.17835050000000002
20News, SSB_VAE,0.2,10.0,10000.0,0.000244,0.422658
20News, SSB_VAE,0.2,10.0,10000.0,0.003906,0.41986500000000004
20News, SSB_VAE,0.2,10.0,10000.0,0.015625,0.428833
20News, SSB_VAE,0.2,10.0,10000000.0,0.000244,0.5274030000000001
20News, SSB_VAE,0.2,10.0,10000000.0,0.003906,0.476085
20News, SSB_VAE,0.2,10.0,10000000.0,0.015625,0.5736654999999999
20News, SSB_VAE,0.2,10000.0,1.0,0.000244,0.19052750000000002
20News, SSB_VAE,0.2,10000.0,1.0,0.003906,0.2035455
20News, SSB_VAE,0.2,10000.0,1.0,0.015625,0.184084
20News, SSB_VAE,0.2,10000.0,10000.0,0.000244,0.1971975
20News, SSB_VAE,0.2,10000.0,10000.0,0.003906,0.2066915
20News, SSB_VAE,0.2,10000.0,10000.0,0.015625,0.1757305
20News, SSB_VAE,0.2,10000.0,10000000.0,0.000244,0.4280575
20News, SSB_VAE,0.2,10000.0,10000000.0,0.003906,0.44646399999999997
20News, SSB_VAE,0.2,10000.0,10000000.0,0.015625,0.4498745
20News, SSB_VAE,0.3,0.001,1.0,0.000244,0.50571
20News, SSB_VAE,0.3,0.001,1.0,0.003906,0.5175205
20News, SSB_VAE,0.3,0.001,1.0,0.015625,0.539358
20News, SSB_VAE,0.3,0.001,10000.0,0.000244,0.420991
20News, SSB_VAE,0.3,0.001,10000.0,0.003906,0.4496675
20News, SSB_VAE,0.3,0.001,10000.0,0.015625,0.412752
20News, SSB_VAE,0.3,0.001,10000000.0,0.000244,0.2645365
20News, SSB_VAE,0.3,0.001,10000000.0,0.003906,0.3999455
20News, SSB_VAE,0.3,0.001,10000000.0,0.015625,0.4339695
20News, SSB_VAE,0.3,10.0,1.0,0.000244,0.205304
20News, SSB_VAE,0.3,10.0,1.0,0.003906,0.2106625
20News, SSB_VAE,0.3,10.0,1.0,0.015625,0.1711725
20News, SSB_VAE,0.3,10.0,10000.0,0.000244,0.530653
20News, SSB_VAE,0.3,10.0,10000.0,0.003906,0.5338225
20News, SSB_VAE,0.3,10.0,10000.0,0.015625,0.531944
20News, SSB_VAE,0.3,10.0,10000000.0,0.000244,0.493897
20News, SSB_VAE,0.3,10.0,10000000.0,0.003906,0.586486
20News, SSB_VAE,0.3,10.0,10000000.0,0.015625,0.5821975
20News, SSB_VAE,0.3,10000.0,1.0,0.000244,0.18095699999999998
20News, SSB_VAE,0.3,10000.0,1.0,0.003906,0.2066465
20News, SSB_VAE,0.3,10000.0,1.0,0.015625,0.19911
20News, SSB_VAE,0.3,10000.0,10000.0,0.000244,0.1962105
20News, SSB_VAE,0.3,10000.0,10000.0,0.003906,0.201599
20News, SSB_VAE,0.3,10000.0,10000.0,0.015625,0.1779865
20News, SSB_VAE,0.3,10000.0,10000000.0,0.000244,0.525438
20News, SSB_VAE,0.3,10000.0,10000000.0,0.003906,0.5217419999999999
20News, SSB_VAE,0.3,10000.0,10000000.0,0.015625,0.518154
20News, SSB_VAE,0.4,0.001,1.0,0.000244,0.55319
20News, SSB_VAE,0.4,0.001,1.0,0.003906,0.5873865
20News, SSB_VAE,0.4,0.001,1.0,0.015625,0.5949525
20News, SSB_VAE,0.4,0.001,10000.0,0.000244,0.4340675
20News, SSB_VAE,0.4,0.001,10000.0,0.003906,0.47395550000000003
20News, SSB_VAE,0.4,0.001,10000.0,0.015625,0.4238905
20News, SSB_VAE,0.4,0.001,10000000.0,0.000244,0.287925
20News, SSB_VAE,0.4,0.001,10000000.0,0.003906,0.5065169999999999
20News, SSB_VAE,0.4,0.001,10000000.0,0.015625,0.5160564999999999
20News, SSB_VAE,0.4,10.0,1.0,0.000244,0.21252000000000001
20News, SSB_VAE,0.4,10.0,1.0,0.003906,0.2088225
20News, SSB_VAE,0.4,10.0,1.0,0.015625,0.17759400000000003
20News, SSB_VAE,0.4,10.0,10000.0,0.000244,0.5641370000000001
20News, SSB_VAE,0.4,10.0,10000.0,0.003906,0.5833545
20News, SSB_VAE,0.4,10.0,10000.0,0.015625,0.5757485
20News, SSB_VAE,0.4,10.0,10000000.0,0.000244,0.572849
20News, SSB_VAE,0.4,10.0,10000000.0,0.003906,0.5690325
20News, SSB_VAE,0.4,10.0,10000000.0,0.015625,0.558175
20News, SSB_VAE,0.4,10000.0,1.0,0.000244,0.1795505
20News, SSB_VAE,0.4,10000.0,1.0,0.003906,0.21595949999999997
20News, SSB_VAE,0.4,10000.0,1.0,0.015625,0.19639
20News, SSB_VAE,0.4,10000.0,10000.0,0.000244,0.173252
20News, SSB_VAE,0.4,10000.0,10000.0,0.003906,0.195874
20News, SSB_VAE,0.4,10000.0,10000.0,0.015625,0.1881625
20News, SSB_VAE,0.4,10000.0,10000000.0,0.000244,0.573825
20News, SSB_VAE,0.4,10000.0,10000000.0,0.003906,0.5934515
20News, SSB_VAE,0.4,10000.0,10000000.0,0.015625,0.569283
20News, SSB_VAE,0.5,0.001,1.0,0.000244,0.612129
20News, SSB_VAE,0.5,0.001,1.0,0.003906,0.612957
20News, SSB_VAE,0.5,0.001,1.0,0.015625,0.6177045
20News, SSB_VAE,0.5,0.001,10000.0,0.000244,0.41275249999999997
20News, SSB_VAE,0.5,0.001,10000.0,0.003906,0.556258
20News, SSB_VAE,0.5,0.001,10000.0,0.015625,0.491213
20News, SSB_VAE,0.5,0.001,10000000.0,0.000244,0.3086855
20News, SSB_VAE,0.5,0.001,10000000.0,0.003906,0.500451
20News, SSB_VAE,0.5,0.001,10000000.0,0.015625,0.5218445
20News, SSB_VAE,0.5,10.0,1.0,0.000244,0.210841
20News, SSB_VAE,0.5,10.0,1.0,0.003906,0.22744949999999997
20News, SSB_VAE,0.5,10.0,1.0,0.015625,0.18458249999999998
20News, SSB_VAE,0.5,10.0,10000.0,0.000244,0.613116
20News, SSB_VAE,0.5,10.0,10000.0,0.003906,0.6238429999999999
20News, SSB_VAE,0.5,10.0,10000.0,0.015625,0.6272835
20News, SSB_VAE,0.5,10.0,10000000.0,0.000244,0.5962635000000001
20News, SSB_VAE,0.5,10.0,10000000.0,0.003906,0.6057254999999999
20News, SSB_VAE,0.5,10.0,10000000.0,0.015625,0.6181909999999999
20News, SSB_VAE,0.5,10000.0,1.0,0.000244,0.185717
20News, SSB_VAE,0.5,10000.0,1.0,0.003906,0.2139205
20News, SSB_VAE,0.5,10000.0,1.0,0.015625,0.193419
20News, SSB_VAE,0.5,10000.0,10000.0,0.000244,0.180822
20News, SSB_VAE,0.5,10000.0,10000.0,0.003906,0.19401200000000002
20News, SSB_VAE,0.5,10000.0,10000.0,0.015625,0.17880300000000002
20News, SSB_VAE,0.5,10000.0,10000000.0,0.000244,0.6092015000000001
20News, SSB_VAE,0.5,10000.0,10000000.0,0.003906,0.6101715000000001
20News, SSB_VAE,0.5,10000.0,10000000.0,0.015625,0.6072465
20News, SSB_VAE,0.6,0.001,1.0,0.000244,0.6394195
20News, SSB_VAE,0.6,0.001,1.0,0.003906,0.6572024999999999
20News, SSB_VAE,0.6,0.001,1.0,0.015625,0.6591755
20News, SSB_VAE,0.6,0.001,10000.0,0.000244,0.495859
20News, SSB_VAE,0.6,0.001,10000.0,0.003906,0.5164175
20News, SSB_VAE,0.6,0.001,10000.0,0.015625,0.5203450000000001
20News, SSB_VAE,0.6,0.001,10000000.0,0.000244,0.393802
20News, SSB_VAE,0.6,0.001,10000000.0,0.003906,0.6062704999999999
20News, SSB_VAE,0.6,0.001,10000000.0,0.015625,0.5517354999999999
20News, SSB_VAE,0.6,10.0,1.0,0.000244,0.2111655
20News, SSB_VAE,0.6,10.0,1.0,0.003906,0.21973399999999998
20News, SSB_VAE,0.6,10.0,1.0,0.015625,0.1770965
20News, SSB_VAE,0.6,10.0,10000.0,0.000244,0.6431175
20News, SSB_VAE,0.6,10.0,10000.0,0.003906,0.6561725
20News, SSB_VAE,0.6,10.0,10000.0,0.015625,0.6616195
20News, SSB_VAE,0.6,10.0,10000000.0,0.000244,0.6003435
20News, SSB_VAE,0.6,10.0,10000000.0,0.003906,0.6839165
20News, SSB_VAE,0.6,10.0,10000000.0,0.015625,0.6332115
20News, SSB_VAE,0.6,10000.0,1.0,0.000244,0.18251250000000002
20News, SSB_VAE,0.6,10000.0,1.0,0.003906,0.197287
20News, SSB_VAE,0.6,10000.0,1.0,0.015625,0.19500699999999999
20News, SSB_VAE,0.6,10000.0,10000.0,0.000244,0.196727
20News, SSB_VAE,0.6,10000.0,10000.0,0.003906,0.198048
20News, SSB_VAE,0.6,10000.0,10000.0,0.015625,0.188176
20News, SSB_VAE,0.6,10000.0,10000000.0,0.000244,0.6574645
20News, SSB_VAE,0.6,10000.0,10000000.0,0.003906,0.6551525
20News, SSB_VAE,0.6,10000.0,10000000.0,0.015625,0.6424565
20News, SSB_VAE,0.7,0.001,1.0,0.000244,0.6786505
20News, SSB_VAE,0.7,0.001,1.0,0.003906,0.683679
20News, SSB_VAE,0.7,0.001,1.0,0.015625,0.6795869999999999
20News, SSB_VAE,0.7,0.001,10000.0,0.000244,0.4740485
20News, SSB_VAE,0.7,0.001,10000.0,0.003906,0.588781
20News, SSB_VAE,0.7,0.001,10000.0,0.015625,0.5594055
20News, SSB_VAE,0.7,0.001,10000000.0,0.000244,0.4086425
20News, SSB_VAE,0.7,0.001,10000000.0,0.003906,0.6433409999999999
20News, SSB_VAE,0.7,0.001,10000000.0,0.015625,0.5632565
20News, SSB_VAE,0.7,10.0,1.0,0.000244,0.203167
20News, SSB_VAE,0.7,10.0,1.0,0.003906,0.21345550000000002
20News, SSB_VAE,0.7,10.0,1.0,0.015625,0.1664545
20News, SSB_VAE,0.7,10.0,10000.0,0.000244,0.669373
20News, SSB_VAE,0.7,10.0,10000.0,0.003906,0.680597
20News, SSB_VAE,0.7,10.0,10000.0,0.015625,0.684106
20News, SSB_VAE,0.7,10.0,10000000.0,0.000244,0.598247
20News, SSB_VAE,0.7,10.0,10000000.0,0.003906,0.6942269999999999
20News, SSB_VAE,0.7,10.0,10000000.0,0.015625,0.6389325
20News, SSB_VAE,0.7,10000.0,1.0,0.000244,0.18195050000000001
20News, SSB_VAE,0.7,10000.0,1.0,0.003906,0.21880850000000002
20News, SSB_VAE,0.7,10000.0,1.0,0.015625,0.20158399999999999
20News, SSB_VAE,0.7,10000.0,10000.0,0.000244,0.1964725
20News, SSB_VAE,0.7,10000.0,10000.0,0.003906,0.20696
20News, SSB_VAE,0.7,10000.0,10000.0,0.015625,0.185668
20News, SSB_VAE,0.7,10000.0,10000000.0,0.000244,0.6713155000000001
20News, SSB_VAE,0.7,10000.0,10000000.0,0.003906,0.6877519999999999
20News, SSB_VAE,0.7,10000.0,10000000.0,0.015625,0.6554605
20News, SSB_VAE,0.8,0.001,1.0,0.000244,0.6936515000000001
20News, SSB_VAE,0.8,0.001,1.0,0.003906,0.6907485
20News, SSB_VAE,0.8,0.001,1.0,0.015625,0.7216944999999999
20News, SSB_VAE,0.8,0.001,10000.0,0.000244,0.5069015
20News, SSB_VAE,0.8,0.001,10000.0,0.003906,0.6663509999999999
20News, SSB_VAE,0.8,0.001,10000.0,0.015625,0.6052645
20News, SSB_VAE,0.8,0.001,10000000.0,0.000244,0.380829
20News, SSB_VAE,0.8,0.001,10000000.0,0.003906,0.675405
20News, SSB_VAE,0.8,0.001,10000000.0,0.015625,0.5069805000000001
20News, SSB_VAE,0.8,10.0,1.0,0.000244,0.2080165
20News, SSB_VAE,0.8,10.0,1.0,0.003906,0.21491
20News, SSB_VAE,0.8,10.0,1.0,0.015625,0.1809635
20News, SSB_VAE,0.8,10.0,10000.0,0.000244,0.6929755
20News, SSB_VAE,0.8,10.0,10000.0,0.003906,0.7044125
20News, SSB_VAE,0.8,10.0,10000.0,0.015625,0.7045665000000001
20News, SSB_VAE,0.8,10.0,10000000.0,0.000244,0.6145784999999999
20News, SSB_VAE,0.8,10.0,10000000.0,0.003906,0.7182425000000001
20News, SSB_VAE,0.8,10.0,10000000.0,0.015625,0.640048
20News, SSB_VAE,0.8,10000.0,1.0,0.000244,0.1837115
20News, SSB_VAE,0.8,10000.0,1.0,0.003906,0.2037895
20News, SSB_VAE,0.8,10000.0,1.0,0.015625,0.1998255
20News, SSB_VAE,0.8,10000.0,10000.0,0.000244,0.175491
20News, SSB_VAE,0.8,10000.0,10000.0,0.003906,0.192388
20News, SSB_VAE,0.8,10000.0,10000.0,0.015625,0.186983
20News, SSB_VAE,0.8,10000.0,10000000.0,0.000244,0.6979795
20News, SSB_VAE,0.8,10000.0,10000000.0,0.003906,0.688758
20News, SSB_VAE,0.8,10000.0,10000000.0,0.015625,0.6843455
20News, SSB_VAE,0.9,0.001,1.0,0.000244,0.7069095
20News, SSB_VAE,0.9,0.001,1.0,0.003906,0.7276024999999999
20News, SSB_VAE,0.9,0.001,1.0,0.015625,0.7173514999999999
20News, SSB_VAE,0.9,0.001,10000.0,0.000244,0.4964615
20News, SSB_VAE,0.9,0.001,10000.0,0.003906,0.6743950000000001
20News, SSB_VAE,0.9,0.001,10000.0,0.015625,0.6560684999999999
20News, SSB_VAE,0.9,0.001,10000000.0,0.000244,0.44537099999999996
20News, SSB_VAE,0.9,0.001,10000000.0,0.003906,0.6888494999999999
20News, SSB_VAE,0.9,0.001,10000000.0,0.015625,0.483257
20News, SSB_VAE,0.9,10.0,1.0,0.000244,0.2006055
20News, SSB_VAE,0.9,10.0,1.0,0.003906,0.22344599999999998
20News, SSB_VAE,0.9,10.0,1.0,0.015625,0.17472749999999998
20News, SSB_VAE,0.9,10.0,10000.0,0.000244,0.7169669999999999
20News, SSB_VAE,0.9,10.0,10000.0,0.003906,0.7266900000000001
20News, SSB_VAE,0.9,10.0,10000.0,0.015625,0.722837
20News, SSB_VAE,0.9,10.0,10000000.0,0.000244,0.6170925
20News, SSB_VAE,0.9,10.0,10000000.0,0.003906,0.754877
20News, SSB_VAE,0.9,10.0,10000000.0,0.015625,0.644264
20News, SSB_VAE,0.9,10000.0,1.0,0.000244,0.1748825
20News, SSB_VAE,0.9,10000.0,1.0,0.003906,0.198206
20News, SSB_VAE,0.9,10000.0,1.0,0.015625,0.197357
20News, SSB_VAE,0.9,10000.0,10000.0,0.000244,0.1751455
20News, SSB_VAE,0.9,10000.0,10000.0,0.003906,0.21012150000000002
20News, SSB_VAE,0.9,10000.0,10000.0,0.015625,0.1914025
20News, SSB_VAE,0.9,10000.0,10000000.0,0.000244,0.715082
20News, SSB_VAE,0.9,10000.0,10000000.0,0.003906,0.7315445
20News, SSB_VAE,0.9,10000.0,10000000.0,0.015625,0.6961275
20News, SSB_VAE,1.0,0.001,1.0,0.000244,0.724287
20News, SSB_VAE,1.0,0.001,1.0,0.003906,0.734542
20News, SSB_VAE,1.0,0.001,1.0,0.015625,0.741377
20News, SSB_VAE,1.0,0.001,10000.0,0.000244,0.545819
20News, SSB_VAE,1.0,0.001,10000.0,0.003906,0.645157
20News, SSB_VAE,1.0,0.001,10000.0,0.015625,0.6448475
20News, SSB_VAE,1.0,0.001,10000000.0,0.000244,0.4593525
20News, SSB_VAE,1.0,0.001,10000000.0,0.003906,0.6996635
20News, SSB_VAE,1.0,0.001,10000000.0,0.015625,0.56101
20News, SSB_VAE,1.0,10.0,1.0,0.000244,0.20975500000000002
20News, SSB_VAE,1.0,10.0,1.0,0.003906,0.204549
20News, SSB_VAE,1.0,10.0,1.0,0.015625,0.1775
20News, SSB_VAE,1.0,10.0,10000.0,0.000244,0.7319545000000001
20News, SSB_VAE,1.0,10.0,10000.0,0.003906,0.7368295
20News, SSB_VAE,1.0,10.0,10000.0,0.015625,0.7465965
20News, SSB_VAE,1.0,10.0,10000000.0,0.000244,0.6318090000000001
20News, SSB_VAE,1.0,10.0,10000000.0,0.003906,0.7471209999999999
20News, SSB_VAE,1.0,10.0,10000000.0,0.015625,0.7205085
20News, SSB_VAE,1.0,10000.0,1.0,0.000244,0.18055350000000003
20News, SSB_VAE,1.0,10000.0,1.0,0.003906,0.2016845
20News, SSB_VAE,1.0,10000.0,1.0,0.015625,0.1956465
20News, SSB_VAE,1.0,10000.0,10000.0,0.000244,0.1800575
20News, SSB_VAE,1.0,10000.0,10000.0,0.003906,0.2080205
20News, SSB_VAE,1.0,10000.0,10000.0,0.015625,0.1787965
20News, SSB_VAE,1.0,10000.0,10000000.0,0.000244,0.7377495
20News, SSB_VAE,1.0,10000.0,10000000.0,0.003906,0.7359325
20News, SSB_VAE,1.0,10000.0,10000000.0,0.015625,0.7022685
CIFAR-10, SSB_VAE,0.1,0.001,1.0,0.000244,0.33385
CIFAR-10, SSB_VAE,0.1,0.001,1.0,0.003906,0.321205
CIFAR-10, SSB_VAE,0.1,0.001,1.0,0.015625,0.3311635
CIFAR-10, SSB_VAE,0.1,0.001,10000.0,0.000244,0.4060555
CIFAR-10, SSB_VAE,0.1,0.001,10000.0,0.003906,0.4042365
CIFAR-10, SSB_VAE,0.1,0.001,10000.0,0.015625,0.3986815
CIFAR-10, SSB_VAE,0.1,0.001,10000000.0,0.000244,0.4190895
CIFAR-10, SSB_VAE,0.1,0.001,10000000.0,0.003906,0.4346185
CIFAR-10, SSB_VAE,0.1,0.001,10000000.0,0.015625,0.388442
CIFAR-10, SSB_VAE,0.1,10.0,1.0,0.000244,0.404516
CIFAR-10, SSB_VAE,0.1,10.0,1.0,0.003906,0.38287150000000003
CIFAR-10, SSB_VAE,0.1,10.0,1.0,0.015625,0.42783950000000004
CIFAR-10, SSB_VAE,0.1,10.0,10000.0,0.000244,0.42994200000000005
CIFAR-10, SSB_VAE,0.1,10.0,10000.0,0.003906,0.33061050000000003
CIFAR-10, SSB_VAE,0.1,10.0,10000.0,0.015625,0.4363235
CIFAR-10, SSB_VAE,0.1,10.0,10000000.0,0.000244,0.8236209999999999
CIFAR-10, SSB_VAE,0.1,10.0,10000000.0,0.003906,0.8090285
CIFAR-10, SSB_VAE,0.1,10.0,10000000.0,0.015625,0.819966
CIFAR-10, SSB_VAE,0.1,10000.0,1.0,0.000244,0.373529
CIFAR-10, SSB_VAE,0.1,10000.0,1.0,0.003906,0.3913445
CIFAR-10, SSB_VAE,0.1,10000.0,1.0,0.015625,0.352842
CIFAR-10, SSB_VAE,0.1,10000.0,10000.0,0.000244,0.3545655
CIFAR-10, SSB_VAE,0.1,10000.0,10000.0,0.003906,0.33893950000000006
CIFAR-10, SSB_VAE,0.1,10000.0,10000.0,0.015625,0.365374
CIFAR-10, SSB_VAE,0.1,10000.0,10000000.0,0.000244,0.3638425
CIFAR-10, SSB_VAE,0.1,10000.0,10000000.0,0.003906,0.35575
CIFAR-10, SSB_VAE,0.1,10000.0,10000000.0,0.015625,0.40870799999999996
CIFAR-10, SSB_VAE,0.2,0.001,1.0,0.000244,0.34309199999999995
CIFAR-10, SSB_VAE,0.2,0.001,1.0,0.003906,0.3301845
CIFAR-10, SSB_VAE,0.2,0.001,1.0,0.015625,0.3136025
CIFAR-10, SSB_VAE,0.2,0.001,10000.0,0.000244,0.4074155
CIFAR-10, SSB_VAE,0.2,0.001,10000.0,0.003906,0.4054
CIFAR-10, SSB_VAE,0.2,0.001,10000.0,0.015625,0.3948105
CIFAR-10, SSB_VAE,0.2,0.001,10000000.0,0.000244,0.4187235
CIFAR-10, SSB_VAE,0.2,0.001,10000000.0,0.003906,0.408279
CIFAR-10, SSB_VAE,0.2,0.001,10000000.0,0.015625,0.4129
CIFAR-10, SSB_VAE,0.2,10.0,1.0,0.000244,0.41384450000000006
CIFAR-10, SSB_VAE,0.2,10.0,1.0,0.003906,0.31525000000000003
CIFAR-10, SSB_VAE,0.2,10.0,1.0,0.015625,0.353187
CIFAR-10, SSB_VAE,0.2,10.0,10000.0,0.000244,0.486095
CIFAR-10, SSB_VAE,0.2,10.0,10000.0,0.003906,0.510984
CIFAR-10, SSB_VAE,0.2,10.0,10000.0,0.015625,0.5065845
CIFAR-10, SSB_VAE,0.2,10.0,10000000.0,0.000244,0.8396819999999999
CIFAR-10, SSB_VAE,0.2,10.0,10000000.0,0.003906,0.822179
CIFAR-10, SSB_VAE,0.2,10.0,10000000.0,0.015625,0.8419445
CIFAR-10, SSB_VAE,0.2,10000.0,1.0,0.000244,0.360287
CIFAR-10, SSB_VAE,0.2,10000.0,1.0,0.003906,0.368213
CIFAR-10, SSB_VAE,0.2,10000.0,1.0,0.015625,0.33375
CIFAR-10, SSB_VAE,0.2,10000.0,10000.0,0.000244,0.392421
CIFAR-10, SSB_VAE,0.2,10000.0,10000.0,0.003906,0.420087
CIFAR-10, SSB_VAE,0.2,10000.0,10000.0,0.015625,0.33825
CIFAR-10, SSB_VAE,0.2,10000.0,10000000.0,0.000244,0.483345
CIFAR-10, SSB_VAE,0.2,10000.0,10000000.0,0.003906,0.3980895
CIFAR-10, SSB_VAE,0.2,10000.0,10000000.0,0.015625,0.490884
CIFAR-10, SSB_VAE,0.3,0.001,1.0,0.000244,0.342826
CIFAR-10, SSB_VAE,0.3,0.001,1.0,0.003906,0.33650250000000004
CIFAR-10, SSB_VAE,0.3,0.001,1.0,0.015625,0.32432649999999996
CIFAR-10, SSB_VAE,0.3,0.001,10000.0,0.000244,0.43944249999999996
CIFAR-10, SSB_VAE,0.3,0.001,10000.0,0.003906,0.419092
CIFAR-10, SSB_VAE,0.3,0.001,10000.0,0.015625,0.434047
CIFAR-10, SSB_VAE,0.3,0.001,10000000.0,0.000244,0.41730500000000004
CIFAR-10, SSB_VAE,0.3,0.001,10000000.0,0.003906,0.4098185
CIFAR-10, SSB_VAE,0.3,0.001,10000000.0,0.015625,0.4406765
CIFAR-10, SSB_VAE,0.3,10.0,1.0,0.000244,0.424458
CIFAR-10, SSB_VAE,0.3,10.0,1.0,0.003906,0.367279
CIFAR-10, SSB_VAE,0.3,10.0,1.0,0.015625,0.42039499999999996
CIFAR-10, SSB_VAE,0.3,10.0,10000.0,0.000244,0.580279
CIFAR-10, SSB_VAE,0.3,10.0,10000.0,0.003906,0.5262819999999999
CIFAR-10, SSB_VAE,0.3,10.0,10000.0,0.015625,0.6401760000000001
CIFAR-10, SSB_VAE,0.3,10.0,10000000.0,0.000244,0.8524499999999999
CIFAR-10, SSB_VAE,0.3,10.0,10000000.0,0.003906,0.8396790000000001
CIFAR-10, SSB_VAE,0.3,10.0,10000000.0,0.015625,0.846095
CIFAR-10, SSB_VAE,0.3,10000.0,1.0,0.000244,0.3504895
CIFAR-10, SSB_VAE,0.3,10000.0,1.0,0.003906,0.37003450000000004
CIFAR-10, SSB_VAE,0.3,10000.0,1.0,0.015625,0.30935
CIFAR-10, SSB_VAE,0.3,10000.0,10000.0,0.000244,0.3682075
CIFAR-10, SSB_VAE,0.3,10000.0,10000.0,0.003906,0.410416
CIFAR-10, SSB_VAE,0.3,10000.0,10000.0,0.015625,0.35692900000000005
CIFAR-10, SSB_VAE,0.3,10000.0,10000000.0,0.000244,0.602624
CIFAR-10, SSB_VAE,0.3,10000.0,10000000.0,0.003906,0.5939319999999999
CIFAR-10, SSB_VAE,0.3,10000.0,10000000.0,0.015625,0.540476
CIFAR-10, SSB_VAE,0.4,0.001,1.0,0.000244,0.35103700000000004
CIFAR-10, SSB_VAE,0.4,0.001,1.0,0.003906,0.32603150000000003
CIFAR-10, SSB_VAE,0.4,0.001,1.0,0.015625,0.33737649999999997
CIFAR-10, SSB_VAE,0.4,0.001,10000.0,0.000244,0.4054895
CIFAR-10, SSB_VAE,0.4,0.001,10000.0,0.003906,0.4166105
CIFAR-10, SSB_VAE,0.4,0.001,10000.0,0.015625,0.43498400000000004
CIFAR-10, SSB_VAE,0.4,0.001,10000000.0,0.000244,0.43145750000000005
CIFAR-10, SSB_VAE,0.4,0.001,10000000.0,0.003906,0.41665549999999996
CIFAR-10, SSB_VAE,0.4,0.001,10000000.0,0.015625,0.422479
CIFAR-10, SSB_VAE,0.4,10.0,1.0,0.000244,0.40775799999999995
CIFAR-10, SSB_VAE,0.4,10.0,1.0,0.003906,0.367379
CIFAR-10, SSB_VAE,0.4,10.0,1.0,0.015625,0.418034
CIFAR-10, SSB_VAE,0.4,10.0,10000.0,0.000244,0.6713635
CIFAR-10, SSB_VAE,0.4,10.0,10000.0,0.003906,0.7052499999999999
CIFAR-10, SSB_VAE,0.4,10.0,10000.0,0.015625,0.659145
CIFAR-10, SSB_VAE,0.4,10.0,10000000.0,0.000244,0.8648285
CIFAR-10, SSB_VAE,0.4,10.0,10000000.0,0.003906,0.859442
CIFAR-10, SSB_VAE,0.4,10.0,10000000.0,0.015625,0.8536265000000001
CIFAR-10, SSB_VAE,0.4,10000.0,1.0,0.000244,0.36366050000000005
CIFAR-10, SSB_VAE,0.4,10000.0,1.0,0.003906,0.3297845
CIFAR-10, SSB_VAE,0.4,10000.0,1.0,0.015625,0.35204749999999996
CIFAR-10, SSB_VAE,0.4,10000.0,10000.0,0.000244,0.39706050000000004
CIFAR-10, SSB_VAE,0.4,10000.0,10000.0,0.003906,0.379837
CIFAR-10, SSB_VAE,0.4,10000.0,10000.0,0.015625,0.36141049999999997
CIFAR-10, SSB_VAE,0.4,10000.0,10000000.0,0.000244,0.608574
CIFAR-10, SSB_VAE,0.4,10000.0,10000000.0,0.003906,0.6789894999999999
CIFAR-10, SSB_VAE,0.4,10000.0,10000000.0,0.015625,0.6535185
CIFAR-10, SSB_VAE,0.5,0.001,1.0,0.000244,0.3582605
CIFAR-10, SSB_VAE,0.5,0.001,1.0,0.003906,0.332374
CIFAR-10, SSB_VAE,0.5,0.001,1.0,0.015625,0.3465475
CIFAR-10, SSB_VAE,0.5,0.001,10000.0,0.000244,0.416837
CIFAR-10, SSB_VAE,0.5,0.001,10000.0,0.003906,0.42039499999999996
CIFAR-10, SSB_VAE,0.5,0.001,10000.0,0.015625,0.446758
CIFAR-10, SSB_VAE,0.5,0.001,10000000.0,0.000244,0.465792
CIFAR-10, SSB_VAE,0.5,0.001,10000000.0,0.003906,0.4200185
CIFAR-10, SSB_VAE,0.5,0.001,10000000.0,0.015625,0.42135500000000004
CIFAR-10, SSB_VAE,0.5,10.0,1.0,0.000244,0.43493950000000003
CIFAR-10, SSB_VAE,0.5,10.0,1.0,0.003906,0.356734
CIFAR-10, SSB_VAE,0.5,10.0,1.0,0.015625,0.4105785
CIFAR-10, SSB_VAE,0.5,10.0,10000.0,0.000244,0.7378975000000001
CIFAR-10, SSB_VAE,0.5,10.0,10000.0,0.003906,0.7246239999999999
CIFAR-10, SSB_VAE,0.5,10.0,10000.0,0.015625,0.6832685000000001
CIFAR-10, SSB_VAE,0.5,10.0,10000000.0,0.000244,0.8735469999999999
CIFAR-10, SSB_VAE,0.5,10.0,10000000.0,0.003906,0.8726525
CIFAR-10, SSB_VAE,0.5,10.0,10000000.0,0.015625,0.8655975
CIFAR-10, SSB_VAE,0.5,10000.0,1.0,0.000244,0.3395945
CIFAR-10, SSB_VAE,0.5,10000.0,1.0,0.003906,0.3437945
CIFAR-10, SSB_VAE,0.5,10000.0,1.0,0.015625,0.3295895
CIFAR-10, SSB_VAE,0.5,10000.0,10000.0,0.000244,0.4181315
CIFAR-10, SSB_VAE,0.5,10000.0,10000.0,0.003906,0.3923605
CIFAR-10, SSB_VAE,0.5,10000.0,10000.0,0.015625,0.326995
CIFAR-10, SSB_VAE,0.5,10000.0,10000000.0,0.000244,0.6827815
CIFAR-10, SSB_VAE,0.5,10000.0,10000000.0,0.003906,0.7228079999999999
CIFAR-10, SSB_VAE,0.5,10000.0,10000000.0,0.015625,0.7404975
CIFAR-10, SSB_VAE,0.6,0.001,1.0,0.000244,0.3580815
CIFAR-10, SSB_VAE,0.6,0.001,1.0,0.003906,0.33618200000000004
CIFAR-10, SSB_VAE,0.6,0.001,1.0,0.015625,0.34907900000000003
CIFAR-10, SSB_VAE,0.6,0.001,10000.0,0.000244,0.438629
CIFAR-10, SSB_VAE,0.6,0.001,10000.0,0.003906,0.422053
CIFAR-10, SSB_VAE,0.6,0.001,10000.0,0.015625,0.45098150000000004
CIFAR-10, SSB_VAE,0.6,0.001,10000000.0,0.000244,0.422526
CIFAR-10, SSB_VAE,0.6,0.001,10000000.0,0.003906,0.4128895
CIFAR-10, SSB_VAE,0.6,0.001,10000000.0,0.015625,0.43074499999999993
CIFAR-10, SSB_VAE,0.6,10.0,1.0,0.000244,0.421613
CIFAR-10, SSB_VAE,0.6,10.0,1.0,0.003906,0.3477
CIFAR-10, SSB_VAE,0.6,10.0,1.0,0.015625,0.3736395
CIFAR-10, SSB_VAE,0.6,10.0,10000.0,0.000244,0.7497659999999999
CIFAR-10, SSB_VAE,0.6,10.0,10000.0,0.003906,0.770147
CIFAR-10, SSB_VAE,0.6,10.0,10000.0,0.015625,0.7631895
CIFAR-10, SSB_VAE,0.6,10.0,10000000.0,0.000244,0.877605
CIFAR-10, SSB_VAE,0.6,10.0,10000000.0,0.003906,0.8751024999999999
CIFAR-10, SSB_VAE,0.6,10.0,10000000.0,0.015625,0.8716975
CIFAR-10, SSB_VAE,0.6,10000.0,1.0,0.000244,0.34556549999999997
CIFAR-10, SSB_VAE,0.6,10000.0,1.0,0.003906,0.36366849999999995
CIFAR-10, SSB_VAE,0.6,10000.0,1.0,0.015625,0.3489765
CIFAR-10, SSB_VAE,0.6,10000.0,10000.0,0.000244,0.43233449999999995
CIFAR-10, SSB_VAE,0.6,10000.0,10000.0,0.003906,0.35492900000000005
CIFAR-10, SSB_VAE,0.6,10000.0,10000.0,0.015625,0.355679
CIFAR-10, SSB_VAE,0.6,10000.0,10000000.0,0.000244,0.7725789999999999
CIFAR-10, SSB_VAE,0.6,10000.0,10000000.0,0.003906,0.765158
CIFAR-10, SSB_VAE,0.6,10000.0,10000000.0,0.015625,0.769542
CIFAR-10, SSB_VAE,0.7,0.001,1.0,0.000244,0.350329
CIFAR-10, SSB_VAE,0.7,0.001,1.0,0.003906,0.336521
CIFAR-10, SSB_VAE,0.7,0.001,1.0,0.015625,0.347618
CIFAR-10, SSB_VAE,0.7,0.001,10000.0,0.000244,0.4166525
CIFAR-10, SSB_VAE,0.7,0.001,10000.0,0.003906,0.429079
CIFAR-10, SSB_VAE,0.7,0.001,10000.0,0.015625,0.4481765
CIFAR-10, SSB_VAE,0.7,0.001,10000000.0,0.000244,0.431684
CIFAR-10, SSB_VAE,0.7,0.001,10000000.0,0.003906,0.4181
CIFAR-10, SSB_VAE,0.7,0.001,10000000.0,0.015625,0.415008
CIFAR-10, SSB_VAE,0.7,10.0,1.0,0.000244,0.41327899999999995
CIFAR-10, SSB_VAE,0.7,10.0,1.0,0.003906,0.349968
CIFAR-10, SSB_VAE,0.7,10.0,1.0,0.015625,0.4094
CIFAR-10, SSB_VAE,0.7,10.0,10000.0,0.000244,0.7577315
CIFAR-10, SSB_VAE,0.7,10.0,10000.0,0.003906,0.7748555
CIFAR-10, SSB_VAE,0.7,10.0,10000.0,0.015625,0.7706470000000001
CIFAR-10, SSB_VAE,0.7,10.0,10000000.0,0.000244,0.8777474999999999
CIFAR-10, SSB_VAE,0.7,10.0,10000000.0,0.003906,0.8807155
CIFAR-10, SSB_VAE,0.7,10.0,10000000.0,0.015625,0.87645
CIFAR-10, SSB_VAE,0.7,10000.0,1.0,0.000244,0.3222
CIFAR-10, SSB_VAE,0.7,10000.0,1.0,0.003906,0.3552185
CIFAR-10, SSB_VAE,0.7,10000.0,1.0,0.015625,0.35650000000000004
CIFAR-10, SSB_VAE,0.7,10000.0,10000.0,0.000244,0.3865475
CIFAR-10, SSB_VAE,0.7,10000.0,10000.0,0.003906,0.374434
CIFAR-10, SSB_VAE,0.7,10000.0,10000.0,0.015625,0.35662099999999997
CIFAR-10, SSB_VAE,0.7,10000.0,10000000.0,0.000244,0.783161
CIFAR-10, SSB_VAE,0.7,10000.0,10000000.0,0.003906,0.764505
CIFAR-10, SSB_VAE,0.7,10000.0,10000000.0,0.015625,0.7580134999999999
CIFAR-10, SSB_VAE,0.8,0.001,1.0,0.000244,0.35555000000000003
CIFAR-10, SSB_VAE,0.8,0.001,1.0,0.003906,0.334884
CIFAR-10, SSB_VAE,0.8,0.001,1.0,0.015625,0.3460815
CIFAR-10, SSB_VAE,0.8,0.001,10000.0,0.000244,0.42866550000000003
CIFAR-10, SSB_VAE,0.8,0.001,10000.0,0.003906,0.4338445
CIFAR-10, SSB_VAE,0.8,0.001,10000.0,0.015625,0.44225800000000004
CIFAR-10, SSB_VAE,0.8,0.001,10000000.0,0.000244,0.417942
CIFAR-10, SSB_VAE,0.8,0.001,10000000.0,0.003906,0.403139
CIFAR-10, SSB_VAE,0.8,0.001,10000000.0,0.015625,0.41578950000000003
CIFAR-10, SSB_VAE,0.8,10.0,1.0,0.000244,0.4151185
CIFAR-10, SSB_VAE,0.8,10.0,1.0,0.003906,0.3755345
CIFAR-10, SSB_VAE,0.8,10.0,1.0,0.015625,0.36046599999999995
CIFAR-10, SSB_VAE,0.8,10.0,10000.0,0.000244,0.7612395000000001
CIFAR-10, SSB_VAE,0.8,10.0,10000.0,0.003906,0.792871
CIFAR-10, SSB_VAE,0.8,10.0,10000.0,0.015625,0.7776555
CIFAR-10, SSB_VAE,0.8,10.0,10000000.0,0.000244,0.8814394999999999
CIFAR-10, SSB_VAE,0.8,10.0,10000000.0,0.003906,0.887058
CIFAR-10, SSB_VAE,0.8,10.0,10000000.0,0.015625,0.8810635
CIFAR-10, SSB_VAE,0.8,10000.0,1.0,0.000244,0.33397350000000003
CIFAR-10, SSB_VAE,0.8,10000.0,1.0,0.003906,0.360208
CIFAR-10, SSB_VAE,0.8,10000.0,1.0,0.015625,0.354992
CIFAR-10, SSB_VAE,0.8,10000.0,10000.0,0.000244,0.39953150000000004
CIFAR-10, SSB_VAE,0.8,10000.0,10000.0,0.003906,0.372089
CIFAR-10, SSB_VAE,0.8,10000.0,10000.0,0.015625,0.30688899999999997
CIFAR-10, SSB_VAE,0.8,10000.0,10000000.0,0.000244,0.7854369999999999
CIFAR-10, SSB_VAE,0.8,10000.0,10000000.0,0.003906,0.7772185
CIFAR-10, SSB_VAE,0.8,10000.0,10000000.0,0.015625,0.7965895000000001
CIFAR-10, SSB_VAE,0.9,0.001,1.0,0.000244,0.34825
CIFAR-10, SSB_VAE,0.9,0.001,1.0,0.003906,0.335621
CIFAR-10, SSB_VAE,0.9,0.001,1.0,0.015625,0.33790549999999997
CIFAR-10, SSB_VAE,0.9,0.001,10000.0,0.000244,0.4151055
CIFAR-10, SSB_VAE,0.9,0.001,10000.0,0.003906,0.43205799999999994
CIFAR-10, SSB_VAE,0.9,0.001,10000.0,0.015625,0.43915
CIFAR-10, SSB_VAE,0.9,0.001,10000000.0,0.000244,0.426237
CIFAR-10, SSB_VAE,0.9,0.001,10000000.0,0.003906,0.4177
CIFAR-10, SSB_VAE,0.9,0.001,10000000.0,0.015625,0.41483400000000004
CIFAR-10, SSB_VAE,0.9,10.0,1.0,0.000244,0.40942399999999995
CIFAR-10, SSB_VAE,0.9,10.0,1.0,0.003906,0.3763925
CIFAR-10, SSB_VAE,0.9,10.0,1.0,0.015625,0.41633149999999997
CIFAR-10, SSB_VAE,0.9,10.0,10000.0,0.000244,0.7797050000000001
CIFAR-10, SSB_VAE,0.9,10.0,10000.0,0.003906,0.801679
CIFAR-10, SSB_VAE,0.9,10.0,10000.0,0.015625,0.783558
CIFAR-10, SSB_VAE,0.9,10.0,10000000.0,0.000244,0.8892895000000001
CIFAR-10, SSB_VAE,0.9,10.0,10000000.0,0.003906,0.8898635
CIFAR-10, SSB_VAE,0.9,10.0,10000000.0,0.015625,0.8851135
CIFAR-10, SSB_VAE,0.9,10000.0,1.0,0.000244,0.3318945
CIFAR-10, SSB_VAE,0.9,10000.0,1.0,0.003906,0.3722135
CIFAR-10, SSB_VAE,0.9,10000.0,1.0,0.015625,0.338879
CIFAR-10, SSB_VAE,0.9,10000.0,10000.0,0.000244,0.405134
CIFAR-10, SSB_VAE,0.9,10000.0,10000.0,0.003906,0.3809185
CIFAR-10, SSB_VAE,0.9,10000.0,10000.0,0.015625,0.32968450000000005
CIFAR-10, SSB_VAE,0.9,10000.0,10000000.0,0.000244,0.7973844999999999
CIFAR-10, SSB_VAE,0.9,10000.0,10000000.0,0.003906,0.7883264999999999
CIFAR-10, SSB_VAE,0.9,10000.0,10000000.0,0.015625,0.8022210000000001
CIFAR-10, SSB_VAE,1.0,0.001,1.0,0.000244,0.35075
CIFAR-10, SSB_VAE,1.0,0.001,1.0,0.003906,0.33669750000000004
CIFAR-10, SSB_VAE,1.0,0.001,1.0,0.015625,0.347453
CIFAR-10, SSB_VAE,1.0,0.001,10000.0,0.000244,0.4114685
CIFAR-10, SSB_VAE,1.0,0.001,10000.0,0.003906,0.42894200000000005
CIFAR-10, SSB_VAE,1.0,0.001,10000.0,0.015625,0.4356945
CIFAR-10, SSB_VAE,1.0,0.001,10000000.0,0.000244,0.439334
CIFAR-10, SSB_VAE,1.0,0.001,10000000.0,0.003906,0.4111315
CIFAR-10, SSB_VAE,1.0,0.001,10000000.0,0.015625,0.42033149999999997
CIFAR-10, SSB_VAE,1.0,10.0,1.0,0.000244,0.4158
CIFAR-10, SSB_VAE,1.0,10.0,1.0,0.003906,0.3533445
CIFAR-10, SSB_VAE,1.0,10.0,1.0,0.015625,0.3609895
CIFAR-10, SSB_VAE,1.0,10.0,10000.0,0.000244,0.7877025
CIFAR-10, SSB_VAE,1.0,10.0,10000.0,0.003906,0.8108445
CIFAR-10, SSB_VAE,1.0,10.0,10000.0,0.015625,0.790505
CIFAR-10, SSB_VAE,1.0,10.0,10000000.0,0.000244,0.896166
CIFAR-10, SSB_VAE,1.0,10.0,10000000.0,0.003906,0.8931815
CIFAR-10, SSB_VAE,1.0,10.0,10000000.0,0.015625,0.8845395
CIFAR-10, SSB_VAE,1.0,10000.0,1.0,0.000244,0.32030000000000003
CIFAR-10, SSB_VAE,1.0,10000.0,1.0,0.003906,0.3780735
CIFAR-10, SSB_VAE,1.0,10000.0,1.0,0.015625,0.335863
CIFAR-10, SSB_VAE,1.0,10000.0,10000.0,0.000244,0.379321
CIFAR-10, SSB_VAE,1.0,10000.0,10000.0,0.003906,0.281558
CIFAR-10, SSB_VAE,1.0,10000.0,10000.0,0.015625,0.360113
CIFAR-10, SSB_VAE,1.0,10000.0,10000000.0,0.000244,0.803095
CIFAR-10, SSB_VAE,1.0,10000.0,10000000.0,0.003906,0.790313
CIFAR-10, SSB_VAE,1.0,10000.0,10000000.0,0.015625,0.8095025
Snippets, SSB_VAE,0.1,0.001,1.0,0.000244,0.162237
Snippets, SSB_VAE,0.1,0.001,1.0,0.003906,0.20301550000000002
Snippets, SSB_VAE,0.1,0.001,1.0,0.015625,0.17481599999999997
Snippets, SSB_VAE,0.1,0.001,10000.0,0.000244,0.398717
Snippets, SSB_VAE,0.1,0.001,10000.0,0.003906,0.3693595
Snippets, SSB_VAE,0.1,0.001,10000.0,0.015625,0.4128095
Snippets, SSB_VAE,0.1,0.001,10000000.0,0.000244,0.3544235
Snippets, SSB_VAE,0.1,0.001,10000000.0,0.003906,0.37701949999999995
Snippets, SSB_VAE,0.1,0.001,10000000.0,0.015625,0.39865100000000003
Snippets, SSB_VAE,0.1,10.0,1.0,0.000244,0.154704
Snippets, SSB_VAE,0.1,10.0,1.0,0.003906,0.150616
Snippets, SSB_VAE,0.1,10.0,1.0,0.015625,0.167456
Snippets, SSB_VAE,0.1,10.0,10000.0,0.000244,0.168965
Snippets, SSB_VAE,0.1,10.0,10000.0,0.003906,0.174921
Snippets, SSB_VAE,0.1,10.0,10000.0,0.015625,0.1819865
Snippets, SSB_VAE,0.1,10.0,10000000.0,0.000244,0.3995085
Snippets, SSB_VAE,0.1,10.0,10000000.0,0.003906,0.4157235
Snippets, SSB_VAE,0.1,10.0,10000000.0,0.015625,0.392976
Snippets, SSB_VAE,0.1,10000.0,1.0,0.000244,0.1508575
Snippets, SSB_VAE,0.1,10000.0,1.0,0.003906,0.165684
Snippets, SSB_VAE,0.1,10000.0,1.0,0.015625,0.15559650000000003
Snippets, SSB_VAE,0.1,10000.0,10000.0,0.000244,0.1566995
Snippets, SSB_VAE,0.1,10000.0,10000.0,0.003906,0.153524
Snippets, SSB_VAE,0.1,10000.0,10000.0,0.015625,0.15212950000000003
Snippets, SSB_VAE,0.1,10000.0,10000000.0,0.000244,0.18619950000000002
Snippets, SSB_VAE,0.1,10000.0,10000000.0,0.003906,0.17036400000000002
Snippets, SSB_VAE,0.1,10000.0,10000000.0,0.015625,0.1740175
Snippets, SSB_VAE,0.2,0.001,1.0,0.000244,0.20529350000000002
Snippets, SSB_VAE,0.2,0.001,1.0,0.003906,0.236921
Snippets, SSB_VAE,0.2,0.001,1.0,0.015625,0.1998355
Snippets, SSB_VAE,0.2,0.001,10000.0,0.000244,0.4750835
Snippets, SSB_VAE,0.2,0.001,10000.0,0.003906,0.4725465
Snippets, SSB_VAE,0.2,0.001,10000.0,0.015625,0.4344845
Snippets, SSB_VAE,0.2,0.001,10000000.0,0.000244,0.46658750000000004
Snippets, SSB_VAE,0.2,0.001,10000000.0,0.003906,0.4699585
Snippets, SSB_VAE,0.2,0.001,10000000.0,0.015625,0.44576550000000004
Snippets, SSB_VAE,0.2,10.0,1.0,0.000244,0.156173
Snippets, SSB_VAE,0.2,10.0,1.0,0.003906,0.156509
Snippets, SSB_VAE,0.2,10.0,1.0,0.015625,0.16238999999999998
Snippets, SSB_VAE,0.2,10.0,10000.0,0.000244,0.224024
Snippets, SSB_VAE,0.2,10.0,10000.0,0.003906,0.221575
Snippets, SSB_VAE,0.2,10.0,10000.0,0.015625,0.21922999999999998
Snippets, SSB_VAE,0.2,10.0,10000000.0,0.000244,0.4538095
Snippets, SSB_VAE,0.2,10.0,10000000.0,0.003906,0.5018795
Snippets, SSB_VAE,0.2,10.0,10000000.0,0.015625,0.492478
Snippets, SSB_VAE,0.2,10000.0,1.0,0.000244,0.1533135
Snippets, SSB_VAE,0.2,10000.0,1.0,0.003906,0.1632085
Snippets, SSB_VAE,0.2,10000.0,1.0,0.015625,0.1567805
Snippets, SSB_VAE,0.2,10000.0,10000.0,0.000244,0.1556885
Snippets, SSB_VAE,0.2,10000.0,10000.0,0.003906,0.1530045
Snippets, SSB_VAE,0.2,10000.0,10000.0,0.015625,0.1533115
Snippets, SSB_VAE,0.2,10000.0,10000000.0,0.000244,0.2335855
Snippets, SSB_VAE,0.2,10000.0,10000000.0,0.003906,0.2313555
Snippets, SSB_VAE,0.2,10000.0,10000000.0,0.015625,0.23874800000000002
Snippets, SSB_VAE,0.3,0.001,1.0,0.000244,0.2688945
Snippets, SSB_VAE,0.3,0.001,1.0,0.003906,0.2889035
Snippets, SSB_VAE,0.3,0.001,1.0,0.015625,0.24730500000000002
Snippets, SSB_VAE,0.3,0.001,10000.0,0.000244,0.502454
Snippets, SSB_VAE,0.3,0.001,10000.0,0.003906,0.4791535
Snippets, SSB_VAE,0.3,0.001,10000.0,0.015625,0.459765
Snippets, SSB_VAE,0.3,0.001,10000000.0,0.000244,0.4656005
Snippets, SSB_VAE,0.3,0.001,10000000.0,0.003906,0.5137985
Snippets, SSB_VAE,0.3,0.001,10000000.0,0.015625,0.4709625
Snippets, SSB_VAE,0.3,10.0,1.0,0.000244,0.15625650000000002
Snippets, SSB_VAE,0.3,10.0,1.0,0.003906,0.1534565
Snippets, SSB_VAE,0.3,10.0,1.0,0.015625,0.164099
Snippets, SSB_VAE,0.3,10.0,10000.0,0.000244,0.291726
Snippets, SSB_VAE,0.3,10.0,10000.0,0.003906,0.293829
Snippets, SSB_VAE,0.3,10.0,10000.0,0.015625,0.2699735
Snippets, SSB_VAE,0.3,10.0,10000000.0,0.000244,0.4975375
Snippets, SSB_VAE,0.3,10.0,10000000.0,0.003906,0.5318685
Snippets, SSB_VAE,0.3,10.0,10000000.0,0.015625,0.507956
Snippets, SSB_VAE,0.3,10000.0,1.0,0.000244,0.158175
Snippets, SSB_VAE,0.3,10000.0,1.0,0.003906,0.1646775
Snippets, SSB_VAE,0.3,10000.0,1.0,0.015625,0.158943
Snippets, SSB_VAE,0.3,10000.0,10000.0,0.000244,0.15556150000000002
Snippets, SSB_VAE,0.3,10000.0,10000.0,0.003906,0.1544055
Snippets, SSB_VAE,0.3,10000.0,10000.0,0.015625,0.15269500000000003
Snippets, SSB_VAE,0.3,10000.0,10000000.0,0.000244,0.257954
Snippets, SSB_VAE,0.3,10000.0,10000000.0,0.003906,0.285557
Snippets, SSB_VAE,0.3,10000.0,10000000.0,0.015625,0.29345849999999996
Snippets, SSB_VAE,0.4,0.001,1.0,0.000244,0.2954955
Snippets, SSB_VAE,0.4,0.001,1.0,0.003906,0.3226115
Snippets, SSB_VAE,0.4,0.001,1.0,0.015625,0.30731600000000003
Snippets, SSB_VAE,0.4,0.001,10000.0,0.000244,0.529647
Snippets, SSB_VAE,0.4,0.001,10000.0,0.003906,0.518594
Snippets, SSB_VAE,0.4,0.001,10000.0,0.015625,0.49803949999999997
Snippets, SSB_VAE,0.4,0.001,10000000.0,0.000244,0.4969515
Snippets, SSB_VAE,0.4,0.001,10000000.0,0.003906,0.513193
Snippets, SSB_VAE,0.4,0.001,10000000.0,0.015625,0.5098815
Snippets, SSB_VAE,0.4,10.0,1.0,0.000244,0.1575135
Snippets, SSB_VAE,0.4,10.0,1.0,0.003906,0.152202
Snippets, SSB_VAE,0.4,10.0,1.0,0.015625,0.162941
Snippets, SSB_VAE,0.4,10.0,10000.0,0.000244,0.36034849999999996
Snippets, SSB_VAE,0.4,10.0,10000.0,0.003906,0.3271315
Snippets, SSB_VAE,0.4,10.0,10000.0,0.015625,0.30881349999999996
Snippets, SSB_VAE,0.4,10.0,10000000.0,0.000244,0.4977255
Snippets, SSB_VAE,0.4,10.0,10000000.0,0.003906,0.520375
Snippets, SSB_VAE,0.4,10.0,10000000.0,0.015625,0.500285
Snippets, SSB_VAE,0.4,10000.0,1.0,0.000244,0.151831
Snippets, SSB_VAE,0.4,10000.0,1.0,0.003906,0.161906
Snippets, SSB_VAE,0.4,10000.0,1.0,0.015625,0.1556755
Snippets, SSB_VAE,0.4,10000.0,10000.0,0.000244,0.15643600000000002
Snippets, SSB_VAE,0.4,10000.0,10000.0,0.003906,0.152737
Snippets, SSB_VAE,0.4,10000.0,10000.0,0.015625,0.156827
Snippets, SSB_VAE,0.4,10000.0,10000000.0,0.000244,0.30818
Snippets, SSB_VAE,0.4,10000.0,10000000.0,0.003906,0.322044
Snippets, SSB_VAE,0.4,10000.0,10000000.0,0.015625,0.337248
Snippets, SSB_VAE,0.5,0.001,1.0,0.000244,0.38090349999999995
Snippets, SSB_VAE,0.5,0.001,1.0,0.003906,0.3575155
Snippets, SSB_VAE,0.5,0.001,1.0,0.015625,0.349169
Snippets, SSB_VAE,0.5,0.001,10000.0,0.000244,0.5453995
Snippets, SSB_VAE,0.5,0.001,10000.0,0.003906,0.48715150000000007
Snippets, SSB_VAE,0.5,0.001,10000.0,0.015625,0.5005725
Snippets, SSB_VAE,0.5,0.001,10000000.0,0.000244,0.49163599999999996
Snippets, SSB_VAE,0.5,0.001,10000000.0,0.003906,0.532224
Snippets, SSB_VAE,0.5,0.001,10000000.0,0.015625,0.47376550000000006
Snippets, SSB_VAE,0.5,10.0,1.0,0.000244,0.160671
Snippets, SSB_VAE,0.5,10.0,1.0,0.003906,0.1521555
Snippets, SSB_VAE,0.5,10.0,1.0,0.015625,0.162776
Snippets, SSB_VAE,0.5,10.0,10000.0,0.000244,0.383399
Snippets, SSB_VAE,0.5,10.0,10000.0,0.003906,0.33992100000000003
Snippets, SSB_VAE,0.5,10.0,10000.0,0.015625,0.35067950000000003
Snippets, SSB_VAE,0.5,10.0,10000000.0,0.000244,0.472989
Snippets, SSB_VAE,0.5,10.0,10000000.0,0.003906,0.4715415
Snippets, SSB_VAE,0.5,10.0,10000000.0,0.015625,0.56114
Snippets, SSB_VAE,0.5,10000.0,1.0,0.000244,0.153204
Snippets, SSB_VAE,0.5,10000.0,1.0,0.003906,0.16757450000000002
Snippets, SSB_VAE,0.5,10000.0,1.0,0.015625,0.1569495
Snippets, SSB_VAE,0.5,10000.0,10000.0,0.000244,0.165024
Snippets, SSB_VAE,0.5,10000.0,10000.0,0.003906,0.154243
Snippets, SSB_VAE,0.5,10000.0,10000.0,0.015625,0.152388
Snippets, SSB_VAE,0.5,10000.0,10000000.0,0.000244,0.35109650000000003
Snippets, SSB_VAE,0.5,10000.0,10000000.0,0.003906,0.34326100000000004
Snippets, SSB_VAE,0.5,10000.0,10000000.0,0.015625,0.379182
Snippets, SSB_VAE,0.6,0.001,1.0,0.000244,0.39248
Snippets, SSB_VAE,0.6,0.001,1.0,0.003906,0.3716385
Snippets, SSB_VAE,0.6,0.001,1.0,0.015625,0.37107650000000003
Snippets, SSB_VAE,0.6,0.001,10000.0,0.000244,0.5366975
Snippets, SSB_VAE,0.6,0.001,10000.0,0.003906,0.5172525
Snippets, SSB_VAE,0.6,0.001,10000.0,0.015625,0.5377784999999999
Snippets, SSB_VAE,0.6,0.001,10000000.0,0.000244,0.4985395
Snippets, SSB_VAE,0.6,0.001,10000000.0,0.003906,0.5514515
Snippets, SSB_VAE,0.6,0.001,10000000.0,0.015625,0.5200265
Snippets, SSB_VAE,0.6,10.0,1.0,0.000244,0.158796
Snippets, SSB_VAE,0.6,10.0,1.0,0.003906,0.15431799999999998
Snippets, SSB_VAE,0.6,10.0,1.0,0.015625,0.1651865
Snippets, SSB_VAE,0.6,10.0,10000.0,0.000244,0.40892550000000005
Snippets, SSB_VAE,0.6,10.0,10000.0,0.003906,0.372945
Snippets, SSB_VAE,0.6,10.0,10000.0,0.015625,0.376478
Snippets, SSB_VAE,0.6,10.0,10000000.0,0.000244,0.5214300000000001
Snippets, SSB_VAE,0.6,10.0,10000000.0,0.003906,0.5445085000000001
Snippets, SSB_VAE,0.6,10.0,10000000.0,0.015625,0.547004
Snippets, SSB_VAE,0.6,10000.0,1.0,0.000244,0.15789899999999998
Snippets, SSB_VAE,0.6,10000.0,1.0,0.003906,0.16271049999999998
Snippets, SSB_VAE,0.6,10000.0,1.0,0.015625,0.1545835
Snippets, SSB_VAE,0.6,10000.0,10000.0,0.000244,0.164318
Snippets, SSB_VAE,0.6,10000.0,10000.0,0.003906,0.1557325
Snippets, SSB_VAE,0.6,10000.0,10000.0,0.015625,0.149625
Snippets, SSB_VAE,0.6,10000.0,10000000.0,0.000244,0.385787
Snippets, SSB_VAE,0.6,10000.0,10000000.0,0.003906,0.3813025
Snippets, SSB_VAE,0.6,10000.0,10000000.0,0.015625,0.4025615
Snippets, SSB_VAE,0.7,0.001,1.0,0.000244,0.42185100000000003
Snippets, SSB_VAE,0.7,0.001,1.0,0.003906,0.4275525
Snippets, SSB_VAE,0.7,0.001,1.0,0.015625,0.427579
Snippets, SSB_VAE,0.7,0.001,10000.0,0.000244,0.5636295
Snippets, SSB_VAE,0.7,0.001,10000.0,0.003906,0.4989675
Snippets, SSB_VAE,0.7,0.001,10000.0,0.015625,0.537989
Snippets, SSB_VAE,0.7,0.001,10000000.0,0.000244,0.501746
Snippets, SSB_VAE,0.7,0.001,10000000.0,0.003906,0.5311995
Snippets, SSB_VAE,0.7,0.001,10000000.0,0.015625,0.5184605
Snippets, SSB_VAE,0.7,10.0,1.0,0.000244,0.16011150000000002
Snippets, SSB_VAE,0.7,10.0,1.0,0.003906,0.1527015
Snippets, SSB_VAE,0.7,10.0,1.0,0.015625,0.16322799999999998
Snippets, SSB_VAE,0.7,10.0,10000.0,0.000244,0.420397
Snippets, SSB_VAE,0.7,10.0,10000.0,0.003906,0.3810965
Snippets, SSB_VAE,0.7,10.0,10000.0,0.015625,0.407329
Snippets, SSB_VAE,0.7,10.0,10000000.0,0.000244,0.4881445
Snippets, SSB_VAE,0.7,10.0,10000000.0,0.003906,0.5716334999999999
Snippets, SSB_VAE,0.7,10.0,10000000.0,0.015625,0.5036120000000001
Snippets, SSB_VAE,0.7,10000.0,1.0,0.000244,0.15257900000000002
Snippets, SSB_VAE,0.7,10000.0,1.0,0.003906,0.1625945
Snippets, SSB_VAE,0.7,10000.0,1.0,0.015625,0.15702850000000002
Snippets, SSB_VAE,0.7,10000.0,10000.0,0.000244,0.161129
Snippets, SSB_VAE,0.7,10000.0,10000.0,0.003906,0.15336149999999998
Snippets, SSB_VAE,0.7,10000.0,10000.0,0.015625,0.151706
Snippets, SSB_VAE,0.7,10000.0,10000000.0,0.000244,0.409921
Snippets, SSB_VAE,0.7,10000.0,10000000.0,0.003906,0.415737
Snippets, SSB_VAE,0.7,10000.0,10000000.0,0.015625,0.4320305
Snippets, SSB_VAE,0.8,0.001,1.0,0.000244,0.40853949999999994
Snippets, SSB_VAE,0.8,0.001,1.0,0.003906,0.456978
Snippets, SSB_VAE,0.8,0.001,1.0,0.015625,0.44968
Snippets, SSB_VAE,0.8,0.001,10000.0,0.000244,0.5646075
Snippets, SSB_VAE,0.8,0.001,10000.0,0.003906,0.5129385
Snippets, SSB_VAE,0.8,0.001,10000.0,0.015625,0.4921995
Snippets, SSB_VAE,0.8,0.001,10000000.0,0.000244,0.5272475000000001
Snippets, SSB_VAE,0.8,0.001,10000000.0,0.003906,0.5567960000000001
Snippets, SSB_VAE,0.8,0.001,10000000.0,0.015625,0.526603
Snippets, SSB_VAE,0.8,10.0,1.0,0.000244,0.16025699999999998
Snippets, SSB_VAE,0.8,10.0,1.0,0.003906,0.15291
Snippets, SSB_VAE,0.8,10.0,1.0,0.015625,0.1622545
Snippets, SSB_VAE,0.8,10.0,10000.0,0.000244,0.45405249999999997
Snippets, SSB_VAE,0.8,10.0,10000.0,0.003906,0.427384
Snippets, SSB_VAE,0.8,10.0,10000.0,0.015625,0.432897
Snippets, SSB_VAE,0.8,10.0,10000000.0,0.000244,0.5448595
Snippets, SSB_VAE,0.8,10.0,10000000.0,0.003906,0.5599805
Snippets, SSB_VAE,0.8,10.0,10000000.0,0.015625,0.5018135
Snippets, SSB_VAE,0.8,10000.0,1.0,0.000244,0.156024
Snippets, SSB_VAE,0.8,10000.0,1.0,0.003906,0.16338799999999998
Snippets, SSB_VAE,0.8,10000.0,1.0,0.015625,0.1549365
Snippets, SSB_VAE,0.8,10000.0,10000.0,0.000244,0.157224
Snippets, SSB_VAE,0.8,10000.0,10000.0,0.003906,0.154329
Snippets, SSB_VAE,0.8,10000.0,10000.0,0.015625,0.15108749999999999
Snippets, SSB_VAE,0.8,10000.0,10000000.0,0.000244,0.4461295
Snippets, SSB_VAE,0.8,10000.0,10000000.0,0.003906,0.437809
Snippets, SSB_VAE,0.8,10000.0,10000000.0,0.015625,0.446046
Snippets, SSB_VAE,0.9,0.001,1.0,0.000244,0.4463245
Snippets, SSB_VAE,0.9,0.001,1.0,0.003906,0.4744515
Snippets, SSB_VAE,0.9,0.001,1.0,0.015625,0.474173
Snippets, SSB_VAE,0.9,0.001,10000.0,0.000244,0.5112675
Snippets, SSB_VAE,0.9,0.001,10000.0,0.003906,0.4574125
Snippets, SSB_VAE,0.9,0.001,10000.0,0.015625,0.5343945
Snippets, SSB_VAE,0.9,0.001,10000000.0,0.000244,0.5238995
Snippets, SSB_VAE,0.9,0.001,10000000.0,0.003906,0.5231429999999999
Snippets, SSB_VAE,0.9,0.001,10000000.0,0.015625,0.5399035
Snippets, SSB_VAE,0.9,10.0,1.0,0.000244,0.15982649999999998
Snippets, SSB_VAE,0.9,10.0,1.0,0.003906,0.15364450000000002
Snippets, SSB_VAE,0.9,10.0,1.0,0.015625,0.1666645
Snippets, SSB_VAE,0.9,10.0,10000.0,0.000244,0.4648685
Snippets, SSB_VAE,0.9,10.0,10000.0,0.003906,0.441943
Snippets, SSB_VAE,0.9,10.0,10000.0,0.015625,0.4796755
Snippets, SSB_VAE,0.9,10.0,10000000.0,0.000244,0.5365545
Snippets, SSB_VAE,0.9,10.0,10000000.0,0.003906,0.5255375
Snippets, SSB_VAE,0.9,10.0,10000000.0,0.015625,0.50793
Snippets, SSB_VAE,0.9,10000.0,1.0,0.000244,0.15303699999999998
Snippets, SSB_VAE,0.9,10000.0,1.0,0.003906,0.16460750000000002
Snippets, SSB_VAE,0.9,10000.0,1.0,0.015625,0.1563905
Snippets, SSB_VAE,0.9,10000.0,10000.0,0.000244,0.1612805
Snippets, SSB_VAE,0.9,10000.0,10000.0,0.003906,0.155601
Snippets, SSB_VAE,0.9,10000.0,10000.0,0.015625,0.15552
Snippets, SSB_VAE,0.9,10000.0,10000000.0,0.000244,0.4883575
Snippets, SSB_VAE,0.9,10000.0,10000000.0,0.003906,0.44839950000000006
Snippets, SSB_VAE,0.9,10000.0,10000000.0,0.015625,0.4655505
Snippets, SSB_VAE,1.0,0.001,1.0,0.000244,0.4762875
Snippets, SSB_VAE,1.0,0.001,1.0,0.003906,0.507871
Snippets, SSB_VAE,1.0,0.001,1.0,0.015625,0.5093375
Snippets, SSB_VAE,1.0,0.001,10000.0,0.000244,0.530761
Snippets, SSB_VAE,1.0,0.001,10000.0,0.003906,0.4962785
Snippets, SSB_VAE,1.0,0.001,10000.0,0.015625,0.537362
Snippets, SSB_VAE,1.0,0.001,10000000.0,0.000244,0.5249455000000001
Snippets, SSB_VAE,1.0,0.001,10000000.0,0.003906,0.5465135
Snippets, SSB_VAE,1.0,0.001,10000000.0,0.015625,0.4948465000000001
Snippets, SSB_VAE,1.0,10.0,1.0,0.000244,0.1591665
Snippets, SSB_VAE,1.0,10.0,1.0,0.003906,0.1568685
Snippets, SSB_VAE,1.0,10.0,1.0,0.015625,0.1607675
Snippets, SSB_VAE,1.0,10.0,10000.0,0.000244,0.479204
Snippets, SSB_VAE,1.0,10.0,10000.0,0.003906,0.45337700000000003
Snippets, SSB_VAE,1.0,10.0,10000.0,0.015625,0.48284399999999994
Snippets, SSB_VAE,1.0,10.0,10000000.0,0.000244,0.5505305
Snippets, SSB_VAE,1.0,10.0,10000000.0,0.003906,0.5246055000000001
Snippets, SSB_VAE,1.0,10.0,10000000.0,0.015625,0.52659
Snippets, SSB_VAE,1.0,10000.0,1.0,0.000244,0.1516885
Snippets, SSB_VAE,1.0,10000.0,1.0,0.003906,0.163351
Snippets, SSB_VAE,1.0,10000.0,1.0,0.015625,0.1540065
Snippets, SSB_VAE,1.0,10000.0,10000.0,0.000244,0.15993200000000002
Snippets, SSB_VAE,1.0,10000.0,10000.0,0.003906,0.1562785
Snippets, SSB_VAE,1.0,10000.0,10000.0,0.015625,0.14862950000000003
Snippets, SSB_VAE,1.0,10000.0,10000000.0,0.000244,0.509658
Snippets, SSB_VAE,1.0,10000.0,10000000.0,0.003906,0.47896949999999994
Snippets, SSB_VAE,1.0,10000.0,10000000.0,0.015625,0.467831
TMC, SSB_VAE,0.1,0.001,1.0,0.000244,0.600803
TMC, SSB_VAE,0.1,0.001,1.0,0.003906,0.6088965
TMC, SSB_VAE,0.1,0.001,1.0,0.015625,0.6231905
TMC, SSB_VAE,0.1,0.001,10000.0,0.000244,0.6691294999999999
TMC, SSB_VAE,0.1,0.001,10000.0,0.003906,0.6654275000000001
TMC, SSB_VAE,0.1,0.001,10000.0,0.015625,0.672879
TMC, SSB_VAE,0.1,0.001,10000000.0,0.000244,0.6698999999999999
TMC, SSB_VAE,0.1,0.001,10000000.0,0.003906,0.669717
TMC, SSB_VAE,0.1,0.001,10000000.0,0.015625,0.659001
TMC, SSB_VAE,0.1,10.0,1.0,0.000244,0.598089
TMC, SSB_VAE,0.1,10.0,1.0,0.003906,0.6009475
TMC, SSB_VAE,0.1,10.0,1.0,0.015625,0.5931505
TMC, SSB_VAE,0.1,10.0,10000.0,0.000244,0.622933
TMC, SSB_VAE,0.1,10.0,10000.0,0.003906,0.609947
TMC, SSB_VAE,0.1,10.0,10000.0,0.015625,0.615836
TMC, SSB_VAE,0.1,10.0,10000000.0,0.000244,0.6613564999999999
TMC, SSB_VAE,0.1,10.0,10000000.0,0.003906,0.656628
TMC, SSB_VAE,0.1,10.0,10000000.0,0.015625,0.6738109999999999
TMC, SSB_VAE,0.1,10000.0,1.0,0.000244,0.6040365
TMC, SSB_VAE,0.1,10000.0,1.0,0.003906,0.5963995
TMC, SSB_VAE,0.1,10000.0,1.0,0.015625,0.5889694999999999
TMC, SSB_VAE,0.1,10000.0,10000.0,0.000244,0.5932445
TMC, SSB_VAE,0.1,10000.0,10000.0,0.003906,0.5984075
TMC, SSB_VAE,0.1,10000.0,10000.0,0.015625,0.580233
TMC, SSB_VAE,0.1,10000.0,10000000.0,0.000244,0.6121300000000001
TMC, SSB_VAE,0.1,10000.0,10000000.0,0.003906,0.5984505
TMC, SSB_VAE,0.1,10000.0,10000000.0,0.015625,0.6070200000000001
TMC, SSB_VAE,0.2,0.001,1.0,0.000244,0.630835
TMC, SSB_VAE,0.2,0.001,1.0,0.003906,0.6384405
TMC, SSB_VAE,0.2,0.001,1.0,0.015625,0.6485704999999999
TMC, SSB_VAE,0.2,0.001,10000.0,0.000244,0.69779
TMC, SSB_VAE,0.2,0.001,10000.0,0.003906,0.6837605
TMC, SSB_VAE,0.2,0.001,10000.0,0.015625,0.682877
TMC, SSB_VAE,0.2,0.001,10000000.0,0.000244,0.6853635
TMC, SSB_VAE,0.2,0.001,10000000.0,0.003906,0.691242
TMC, SSB_VAE,0.2,0.001,10000000.0,0.015625,0.683844
TMC, SSB_VAE,0.2,10.0,1.0,0.000244,0.6036805000000001
TMC, SSB_VAE,0.2,10.0,1.0,0.003906,0.6031960000000001
TMC, SSB_VAE,0.2,10.0,1.0,0.015625,0.5922354999999999
TMC, SSB_VAE,0.2,10.0,10000.0,0.000244,0.6333105
TMC, SSB_VAE,0.2,10.0,10000.0,0.003906,0.641309
TMC, SSB_VAE,0.2,10.0,10000.0,0.015625,0.637307
TMC, SSB_VAE,0.2,10.0,10000000.0,0.000244,0.6811965
TMC, SSB_VAE,0.2,10.0,10000000.0,0.003906,0.68551
TMC, SSB_VAE,0.2,10.0,10000000.0,0.015625,0.696029
TMC, SSB_VAE,0.2,10000.0,1.0,0.000244,0.605989
TMC, SSB_VAE,0.2,10000.0,1.0,0.003906,0.6036465
TMC, SSB_VAE,0.2,10000.0,1.0,0.015625,0.585609
TMC, SSB_VAE,0.2,10000.0,10000.0,0.000244,0.591867
TMC, SSB_VAE,0.2,10000.0,10000.0,0.003906,0.59718
TMC, SSB_VAE,0.2,10000.0,10000.0,0.015625,0.5793294999999999
TMC, SSB_VAE,0.2,10000.0,10000000.0,0.000244,0.6375299999999999
TMC, SSB_VAE,0.2,10000.0,10000000.0,0.003906,0.6296094999999999
TMC, SSB_VAE,0.2,10000.0,10000000.0,0.015625,0.6373025
TMC, SSB_VAE,0.3,0.001,1.0,0.000244,0.6463895
TMC, SSB_VAE,0.3,0.001,1.0,0.003906,0.6548645
TMC, SSB_VAE,0.3,0.001,1.0,0.015625,0.6558915000000001
TMC, SSB_VAE,0.3,0.001,10000.0,0.000244,0.7030105
TMC, SSB_VAE,0.3,0.001,10000.0,0.003906,0.707256
TMC, SSB_VAE,0.3,0.001,10000.0,0.015625,0.6878960000000001
TMC, SSB_VAE,0.3,0.001,10000000.0,0.000244,0.699071
TMC, SSB_VAE,0.3,0.001,10000000.0,0.003906,0.7177475
TMC, SSB_VAE,0.3,0.001,10000000.0,0.015625,0.6954644999999999
TMC, SSB_VAE,0.3,10.0,1.0,0.000244,0.6025145000000001
TMC, SSB_VAE,0.3,10.0,1.0,0.003906,0.6070409999999999
TMC, SSB_VAE,0.3,10.0,1.0,0.015625,0.595393
TMC, SSB_VAE,0.3,10.0,10000.0,0.000244,0.650309
TMC, SSB_VAE,0.3,10.0,10000.0,0.003906,0.6557330000000001
TMC, SSB_VAE,0.3,10.0,10000.0,0.015625,0.6534880000000001
TMC, SSB_VAE,0.3,10.0,10000000.0,0.000244,0.6979445
TMC, SSB_VAE,0.3,10.0,10000000.0,0.003906,0.6951175
TMC, SSB_VAE,0.3,10.0,10000000.0,0.015625,0.706075
TMC, SSB_VAE,0.3,10000.0,1.0,0.000244,0.598745
TMC, SSB_VAE,0.3,10000.0,1.0,0.003906,0.5955889999999999
TMC, SSB_VAE,0.3,10000.0,1.0,0.015625,0.584344
TMC, SSB_VAE,0.3,10000.0,10000.0,0.000244,0.5962810000000001
TMC, SSB_VAE,0.3,10000.0,10000.0,0.003906,0.59753
TMC, SSB_VAE,0.3,10000.0,10000.0,0.015625,0.5827355
TMC, SSB_VAE,0.3,10000.0,10000000.0,0.000244,0.6459295
TMC, SSB_VAE,0.3,10000.0,10000000.0,0.003906,0.6521494999999999
TMC, SSB_VAE,0.3,10000.0,10000000.0,0.015625,0.65724
TMC, SSB_VAE,0.4,0.001,1.0,0.000244,0.6607244999999999
TMC, SSB_VAE,0.4,0.001,1.0,0.003906,0.666741
TMC, SSB_VAE,0.4,0.001,1.0,0.015625,0.667843
TMC, SSB_VAE,0.4,0.001,10000.0,0.000244,0.7161395
TMC, SSB_VAE,0.4,0.001,10000.0,0.003906,0.7050015
TMC, SSB_VAE,0.4,0.001,10000.0,0.015625,0.7064364999999999
TMC, SSB_VAE,0.4,0.001,10000000.0,0.000244,0.700839
TMC, SSB_VAE,0.4,0.001,10000000.0,0.003906,0.719777
TMC, SSB_VAE,0.4,0.001,10000000.0,0.015625,0.7167195
TMC, SSB_VAE,0.4,10.0,1.0,0.000244,0.602171
TMC, SSB_VAE,0.4,10.0,1.0,0.003906,0.6034379999999999
TMC, SSB_VAE,0.4,10.0,1.0,0.015625,0.591338
TMC, SSB_VAE,0.4,10.0,10000.0,0.000244,0.6604685
TMC, SSB_VAE,0.4,10.0,10000.0,0.003906,0.6672585
TMC, SSB_VAE,0.4,10.0,10000.0,0.015625,0.666265
TMC, SSB_VAE,0.4,10.0,10000000.0,0.000244,0.706701
TMC, SSB_VAE,0.4,10.0,10000000.0,0.003906,0.706315
TMC, SSB_VAE,0.4,10.0,10000000.0,0.015625,0.711741
TMC, SSB_VAE,0.4,10000.0,1.0,0.000244,0.5974455000000001
TMC, SSB_VAE,0.4,10000.0,1.0,0.003906,0.5905345000000001
TMC, SSB_VAE,0.4,10000.0,1.0,0.015625,0.5831515
TMC, SSB_VAE,0.4,10000.0,10000.0,0.000244,0.5968495
TMC, SSB_VAE,0.4,10000.0,10000.0,0.003906,0.6007965
TMC, SSB_VAE,0.4,10000.0,10000.0,0.015625,0.575373
TMC, SSB_VAE,0.4,10000.0,10000000.0,0.000244,0.6595495
TMC, SSB_VAE,0.4,10000.0,10000000.0,0.003906,0.6629005
TMC, SSB_VAE,0.4,10000.0,10000000.0,0.015625,0.66718
TMC, SSB_VAE,0.5,0.001,1.0,0.000244,0.672812
TMC, SSB_VAE,0.5,0.001,1.0,0.003906,0.6786749999999999
TMC, SSB_VAE,0.5,0.001,1.0,0.015625,0.674734
TMC, SSB_VAE,0.5,0.001,10000.0,0.000244,0.7244364999999999
TMC, SSB_VAE,0.5,0.001,10000.0,0.003906,0.720866
TMC, SSB_VAE,0.5,0.001,10000.0,0.015625,0.714437
TMC, SSB_VAE,0.5,0.001,10000000.0,0.000244,0.708638
TMC, SSB_VAE,0.5,0.001,10000000.0,0.003906,0.7275125
TMC, SSB_VAE,0.5,0.001,10000000.0,0.015625,0.723989
TMC, SSB_VAE,0.5,10.0,1.0,0.000244,0.600875
TMC, SSB_VAE,0.5,10.0,1.0,0.003906,0.5982775
TMC, SSB_VAE,0.5,10.0,1.0,0.015625,0.5908935
TMC, SSB_VAE,0.5,10.0,10000.0,0.000244,0.6684460000000001
TMC, SSB_VAE,0.5,10.0,10000.0,0.003906,0.6771655
TMC, SSB_VAE,0.5,10.0,10000.0,0.015625,0.6718855
TMC, SSB_VAE,0.5,10.0,10000000.0,0.000244,0.7076485
TMC, SSB_VAE,0.5,10.0,10000000.0,0.003906,0.7153915
TMC, SSB_VAE,0.5,10.0,10000000.0,0.015625,0.7269939999999999
TMC, SSB_VAE,0.5,10000.0,1.0,0.000244,0.603372
TMC, SSB_VAE,0.5,10000.0,1.0,0.003906,0.596977
TMC, SSB_VAE,0.5,10000.0,1.0,0.015625,0.589348
TMC, SSB_VAE,0.5,10000.0,10000.0,0.000244,0.587853
TMC, SSB_VAE,0.5,10000.0,10000.0,0.003906,0.5966225000000001
TMC, SSB_VAE,0.5,10000.0,10000.0,0.015625,0.575386
TMC, SSB_VAE,0.5,10000.0,10000000.0,0.000244,0.671379
TMC, SSB_VAE,0.5,10000.0,10000000.0,0.003906,0.6754705000000001
TMC, SSB_VAE,0.5,10000.0,10000000.0,0.015625,0.683602
TMC, SSB_VAE,0.6,0.001,1.0,0.000244,0.6819025
TMC, SSB_VAE,0.6,0.001,1.0,0.003906,0.690053
TMC, SSB_VAE,0.6,0.001,1.0,0.015625,0.6888365000000001
TMC, SSB_VAE,0.6,0.001,10000.0,0.000244,0.734548
TMC, SSB_VAE,0.6,0.001,10000.0,0.003906,0.725027
TMC, SSB_VAE,0.6,0.001,10000.0,0.015625,0.710749
TMC, SSB_VAE,0.6,0.001,10000000.0,0.000244,0.7246824999999999
TMC, SSB_VAE,0.6,0.001,10000000.0,0.003906,0.733862
TMC, SSB_VAE,0.6,0.001,10000000.0,0.015625,0.7319725
TMC, SSB_VAE,0.6,10.0,1.0,0.000244,0.6023185
TMC, SSB_VAE,0.6,10.0,1.0,0.003906,0.6002145
TMC, SSB_VAE,0.6,10.0,1.0,0.015625,0.5900584999999999
TMC, SSB_VAE,0.6,10.0,10000.0,0.000244,0.683685
TMC, SSB_VAE,0.6,10.0,10000.0,0.003906,0.6883735
TMC, SSB_VAE,0.6,10.0,10000.0,0.015625,0.682483
TMC, SSB_VAE,0.6,10.0,10000000.0,0.000244,0.7364465
TMC, SSB_VAE,0.6,10.0,10000000.0,0.003906,0.7295525
TMC, SSB_VAE,0.6,10.0,10000000.0,0.015625,0.7330365000000001
TMC, SSB_VAE,0.6,10000.0,1.0,0.000244,0.6026929999999999
TMC, SSB_VAE,0.6,10000.0,1.0,0.003906,0.6011095
TMC, SSB_VAE,0.6,10000.0,1.0,0.015625,0.5863365
TMC, SSB_VAE,0.6,10000.0,10000.0,0.000244,0.598605
TMC, SSB_VAE,0.6,10000.0,10000.0,0.003906,0.595393
TMC, SSB_VAE,0.6,10000.0,10000.0,0.015625,0.579794
TMC, SSB_VAE,0.6,10000.0,10000000.0,0.000244,0.676891
TMC, SSB_VAE,0.6,10000.0,10000000.0,0.003906,0.6897385
TMC, SSB_VAE,0.6,10000.0,10000000.0,0.015625,0.693972
TMC, SSB_VAE,0.7,0.001,1.0,0.000244,0.6916185
TMC, SSB_VAE,0.7,0.001,1.0,0.003906,0.696588
TMC, SSB_VAE,0.7,0.001,1.0,0.015625,0.6959090000000001
TMC, SSB_VAE,0.7,0.001,10000.0,0.000244,0.7384005
TMC, SSB_VAE,0.7,0.001,10000.0,0.003906,0.736235
TMC, SSB_VAE,0.7,0.001,10000.0,0.015625,0.7298775
TMC, SSB_VAE,0.7,0.001,10000000.0,0.000244,0.7269585000000001
TMC, SSB_VAE,0.7,0.001,10000000.0,0.003906,0.737537
TMC, SSB_VAE,0.7,0.001,10000000.0,0.015625,0.7289835
TMC, SSB_VAE,0.7,10.0,1.0,0.000244,0.6038635
TMC, SSB_VAE,0.7,10.0,1.0,0.003906,0.6009835
TMC, SSB_VAE,0.7,10.0,1.0,0.015625,0.5957735
TMC, SSB_VAE,0.7,10.0,10000.0,0.000244,0.6929890000000001
TMC, SSB_VAE,0.7,10.0,10000.0,0.003906,0.688315
TMC, SSB_VAE,0.7,10.0,10000.0,0.015625,0.6901275
TMC, SSB_VAE,0.7,10.0,10000000.0,0.000244,0.734078
TMC, SSB_VAE,0.7,10.0,10000000.0,0.003906,0.7206475
TMC, SSB_VAE,0.7,10.0,10000000.0,0.015625,0.7403204999999999
TMC, SSB_VAE,0.7,10000.0,1.0,0.000244,0.6015885000000001
TMC, SSB_VAE,0.7,10000.0,1.0,0.003906,0.594956
TMC, SSB_VAE,0.7,10000.0,1.0,0.015625,0.5864594999999999
TMC, SSB_VAE,0.7,10000.0,10000.0,0.000244,0.593771
TMC, SSB_VAE,0.7,10000.0,10000.0,0.003906,0.5984965
TMC, SSB_VAE,0.7,10000.0,10000.0,0.015625,0.5853430000000001
TMC, SSB_VAE,0.7,10000.0,10000000.0,0.000244,0.6901314999999999
TMC, SSB_VAE,0.7,10000.0,10000000.0,0.003906,0.6922385
TMC, SSB_VAE,0.7,10000.0,10000000.0,0.015625,0.6932419999999999
TMC, SSB_VAE,0.8,0.001,1.0,0.000244,0.695619
TMC, SSB_VAE,0.8,0.001,1.0,0.003906,0.7020585
TMC, SSB_VAE,0.8,0.001,1.0,0.015625,0.6977705
TMC, SSB_VAE,0.8,0.001,10000.0,0.000244,0.743259
TMC, SSB_VAE,0.8,0.001,10000.0,0.003906,0.746654
TMC, SSB_VAE,0.8,0.001,10000.0,0.015625,0.7354845
TMC, SSB_VAE,0.8,0.001,10000000.0,0.000244,0.7364895
TMC, SSB_VAE,0.8,0.001,10000000.0,0.003906,0.7353045
TMC, SSB_VAE,0.8,0.001,10000000.0,0.015625,0.728668
TMC, SSB_VAE,0.8,10.0,1.0,0.000244,0.6040935000000001
TMC, SSB_VAE,0.8,10.0,1.0,0.003906,0.601842
TMC, SSB_VAE,0.8,10.0,1.0,0.015625,0.5929645
TMC, SSB_VAE,0.8,10.0,10000.0,0.000244,0.7004915
TMC, SSB_VAE,0.8,10.0,10000.0,0.003906,0.7018035
TMC, SSB_VAE,0.8,10.0,10000.0,0.015625,0.7066479999999999
TMC, SSB_VAE,0.8,10.0,10000000.0,0.000244,0.7436294999999999
TMC, SSB_VAE,0.8,10.0,10000000.0,0.003906,0.733915
TMC, SSB_VAE,0.8,10.0,10000000.0,0.015625,0.7437834999999999
TMC, SSB_VAE,0.8,10000.0,1.0,0.000244,0.5950445
TMC, SSB_VAE,0.8,10000.0,1.0,0.003906,0.598895
TMC, SSB_VAE,0.8,10000.0,1.0,0.015625,0.586778
TMC, SSB_VAE,0.8,10000.0,10000.0,0.000244,0.5964135
TMC, SSB_VAE,0.8,10000.0,10000.0,0.003906,0.5939495
TMC, SSB_VAE,0.8,10000.0,10000.0,0.015625,0.5765279999999999
TMC, SSB_VAE,0.8,10000.0,10000000.0,0.000244,0.7015834999999999
TMC, SSB_VAE,0.8,10000.0,10000000.0,0.003906,0.699757
TMC, SSB_VAE,0.8,10000.0,10000000.0,0.015625,0.6983820000000001
TMC, SSB_VAE,0.9,0.001,1.0,0.000244,0.703213
TMC, SSB_VAE,0.9,0.001,1.0,0.003906,0.7084305000000001
TMC, SSB_VAE,0.9,0.001,1.0,0.015625,0.7092725
TMC, SSB_VAE,0.9,0.001,10000.0,0.000244,0.7487525
TMC, SSB_VAE,0.9,0.001,10000.0,0.003906,0.7458345
TMC, SSB_VAE,0.9,0.001,10000.0,0.015625,0.7385675
TMC, SSB_VAE,0.9,0.001,10000000.0,0.000244,0.7522169999999999
TMC, SSB_VAE,0.9,0.001,10000000.0,0.003906,0.751212
TMC, SSB_VAE,0.9,0.001,10000000.0,0.015625,0.7442154999999999
TMC, SSB_VAE,0.9,10.0,1.0,0.000244,0.6042665
TMC, SSB_VAE,0.9,10.0,1.0,0.003906,0.6003045
TMC, SSB_VAE,0.9,10.0,1.0,0.015625,0.604698
TMC, SSB_VAE,0.9,10.0,10000.0,0.000244,0.7028045
TMC, SSB_VAE,0.9,10.0,10000.0,0.003906,0.7071385
TMC, SSB_VAE,0.9,10.0,10000.0,0.015625,0.704447
TMC, SSB_VAE,0.9,10.0,10000000.0,0.000244,0.7515080000000001
TMC, SSB_VAE,0.9,10.0,10000000.0,0.003906,0.7374355
TMC, SSB_VAE,0.9,10.0,10000000.0,0.015625,0.7512190000000001
TMC, SSB_VAE,0.9,10000.0,1.0,0.000244,0.6022385
TMC, SSB_VAE,0.9,10000.0,1.0,0.003906,0.6004105
TMC, SSB_VAE,0.9,10000.0,1.0,0.015625,0.584581
TMC, SSB_VAE,0.9,10000.0,10000.0,0.000244,0.591621
TMC, SSB_VAE,0.9,10000.0,10000.0,0.003906,0.6029045
TMC, SSB_VAE,0.9,10000.0,10000.0,0.015625,0.5774645
TMC, SSB_VAE,0.9,10000.0,10000000.0,0.000244,0.7035579999999999
TMC, SSB_VAE,0.9,10000.0,10000000.0,0.003906,0.7097199999999999
TMC, SSB_VAE,0.9,10000.0,10000000.0,0.015625,0.7116910000000001
TMC, SSB_VAE,1.0,0.001,1.0,0.000244,0.7055575000000001
TMC, SSB_VAE,1.0,0.001,1.0,0.003906,0.7101284999999999
TMC, SSB_VAE,1.0,0.001,1.0,0.015625,0.7093995
TMC, SSB_VAE,1.0,0.001,10000.0,0.000244,0.7573215
TMC, SSB_VAE,1.0,0.001,10000.0,0.003906,0.7474945
TMC, SSB_VAE,1.0,0.001,10000.0,0.015625,0.7500214999999999
TMC, SSB_VAE,1.0,0.001,10000000.0,0.000244,0.7480675000000001
TMC, SSB_VAE,1.0,0.001,10000000.0,0.003906,0.7519815000000001
TMC, SSB_VAE,1.0,0.001,10000000.0,0.015625,0.747447
TMC, SSB_VAE,1.0,10.0,1.0,0.000244,0.600806
TMC, SSB_VAE,1.0,10.0,1.0,0.003906,0.5977089999999999
TMC, SSB_VAE,1.0,10.0,1.0,0.015625,0.5987475
TMC, SSB_VAE,1.0,10.0,10000.0,0.000244,0.7134275
TMC, SSB_VAE,1.0,10.0,10000.0,0.003906,0.70496
TMC, SSB_VAE,1.0,10.0,10000.0,0.015625,0.711441
TMC, SSB_VAE,1.0,10.0,10000000.0,0.000244,0.747896
TMC, SSB_VAE,1.0,10.0,10000000.0,0.003906,0.7389135
TMC, SSB_VAE,1.0,10.0,10000000.0,0.015625,0.751595
TMC, SSB_VAE,1.0,10000.0,1.0,0.000244,0.600846
TMC, SSB_VAE,1.0,10000.0,1.0,0.003906,0.5984590000000001
TMC, SSB_VAE,1.0,10000.0,1.0,0.015625,0.586622
TMC, SSB_VAE,1.0,10000.0,10000.0,0.000244,0.5957075000000001
TMC, SSB_VAE,1.0,10000.0,10000.0,0.003906,0.5981974999999999
TMC, SSB_VAE,1.0,10000.0,10000.0,0.015625,0.580643
TMC, SSB_VAE,1.0,10000.0,10000000.0,0.000244,0.709114
TMC, SSB_VAE,1.0,10000.0,10000000.0,0.003906,0.7181145
TMC, SSB_VAE,1.0,10000.0,10000000.0,0.015625,0.7162535
